Post Number,Title,Date,Author,Graphics,Length,Comments
1,The FREAK-est Links,None,None,0,1,0
2,COMMENTS: 10,None,None,0,1,0
3,COMMENTS: 24,None,None,0,1,0
4,COMMENTS: 46,None,None,0,1,0
5,COMMENTS: 9,None,None,0,1,0
6,COMMENTS: 7,None,None,0,1,0
7,COMMENTS: 25,None,None,0,1,0
8,COMMENTS: 4,None,None,0,1,0
9,COMMENTS: 2,None,None,0,1,0
10,COMMENTS: 23,None,None,0,1,0
11,COMMENTS: 11,None,None,0,1,0
12,COMMENTS: 9,None,None,0,1,0
13,COMMENTS: 21,None,None,0,1,0
14,COMMENTS: 122,None,None,0,1,0
15,COMMENTS: 22,None,None,0,1,0
16,COMMENTS: 16,None,None,0,1,0
17,COMMENTS: 37,None,None,0,1,0
18,COMMENTS: 46,None,None,0,1,0
19,COMMENTS: 25,None,None,0,1,0
20,COMMENTS: 25,None,None,0,1,0
21,COMMENTS: 5,None,None,0,1,0
22,COMMENTS: 19,None,None,0,1,0
23,The FREAK-est Links,None,None,0,1,0
24,COMMENTS: 13,None,None,0,1,0
25,COMMENTS: 8,None,None,0,1,0
26,COMMENTS: 6,None,None,0,1,0
27,COMMENTS: 26,None,None,0,1,0
